churn_rate,mean,std
0.01,0.20902501685575184,0.04259648366895146
0.02,0.39367173392827315,0.03736138621151462
0.05,0.5799023469195925,0.03656339482958292
0.1,0.7177851920183753,0.017485645417968158
